{"cameraMode":{"drawMode":0,"name":"Shaded","section":"Shading Mode"},"sceneLighting":false,"audioPlay":false,"sceneViewState":{"showFog":false,"showMaterialUpdate":false,"showSkybox":false,"showFlares":false,"showImageEffects":false,"showParticleSystems":false},"in2DMode":false,"pivot":{"x":-7.861667633056641,"y":4.3164448738098148,"z":-14.0745210647583},"rotation":{"x":-0.011661889031529427,"y":-0.4670594334602356,"z":-0.006162627600133419,"w":0.8841342926025391},"size":53.05772018432617,"orthographic":false}