{"cameraMode":{"drawMode":0,"name":"Shaded","section":"Shading Mode"},"sceneLighting":true,"audioPlay":false,"sceneViewState":{"showFog":false,"showMaterialUpdate":false,"showSkybox":false,"showFlares":false,"showImageEffects":false,"showParticleSystems":false},"in2DMode":false,"pivot":{"x":-3.0886852741241457,"y":6.119126319885254,"z":4.295150279998779},"rotation":{"x":-0.17230823636054994,"y":-0.2830135226249695,"z":0.051761213690042499,"w":-0.9420924186706543},"size":2.8578836917877199,"orthographic":false}